creative_id,shot_index,start_s,end_s,duration_s,position_in_ad,is_first_shot,is_last_shot,label_shot_scale,conf_shot_scale,label_setting,conf_setting,label_subject,conf_subject,label_style,conf_style,n_sampled_frames,mean_brightness,mean_saturation,mean_contrast,mean_colourfulness,mean_edge_density,mean_motion,peak_motion,mean_dominant_hue_deg,mean_dbfs,mean_harmonic_ratio,mean_onset_strength,n_frames_with_face,mean_face_area_frac,max_face_area_frac,modal_face_emotion,n_object_classes,object_classes,n_text_detections,max_text_height_frac
assume-that-i-can-coordown,0,0.0,1.24,1.24,0.0,true,false,medium,0.50625,studio,0.49959,single_person,0.54996,cinematic,0.74515,5,0.1835,0.6404,0.0868,30.449,0.0158,0.00263,0.00342,198.0,-33.7,0.6502,8.299,5,0.05933,0.06224,neutral,1,person,2,0.0639
assume-that-i-can-coordown,1,1.24,3.72,2.48,0.0138,false,false,wide,0.63171,indoor,0.50866,single_person,0.75305,documentary,0.66636,10,0.2836,0.4538,0.1606,43.159,0.0966,0.07877,0.1161,274.6,-18.97,0.648,5.888,9,0.01168,0.02838,neutral,4,"person, bottle, cup, wine glass",2,0.0556
assume-that-i-can-coordown,2,3.72,4.8,1.08,0.0413,false,false,wide,0.68151,outdoor,0.4152,single_person,0.78206,documentary,0.56549,5,0.2836,0.517,0.1401,43.265,0.0666,0.07646,0.16879,297.6,-21.17,0.6485,4.723,5,0.01603,0.03052,neutral,4,"wine glass, chair, cup, person",1,0.0528
assume-that-i-can-coordown,3,4.8,6.36,1.56,0.0533,false,false,medium,0.64958,indoor,0.43424,single_person,0.66628,documentary,0.54177,6,0.3371,0.5167,0.1575,52.799,0.0898,0.04445,0.17768,254.3,-18.28,0.6511,4.532,6,0.01896,0.02682,neutral,5,"cup, wine glass, dining table, person, bottle",4,0.0625
assume-that-i-can-coordown,4,6.36,7.36,1.0,0.0707,false,false,wide,0.57882,outdoor,0.55742,single_person,0.59204,documentary,0.60344,4,0.2856,0.5038,0.1552,45.725,0.0625,0.04453,0.16274,197.5,-21.06,0.7982,5.091,4,0.02433,0.02753,neutral,5,"cup, wine glass, dining table, person, bottle",1,0.0542
assume-that-i-can-coordown,5,7.36,8.56,1.2,0.0818,false,false,wide,0.65853,studio,0.40735,single_person,0.80317,documentary,0.7348,5,0.2691,0.4762,0.1451,41.431,0.0818,0.03743,0.1323,263.6,-20.72,0.6246,2.937,5,0.02734,0.09445,happiness,3,"wine glass, person, bottle",1,0.0542
assume-that-i-can-coordown,6,8.56,11.48,2.92,0.0951,false,false,medium,0.68802,studio,0.6747,single_person,0.79608,cinematic,0.43026,11,0.183,0.6306,0.0909,30.09,0.0186,0.00987,0.06192,198.2,-20.36,0.6342,6.964,11,0.07879,0.10828,neutral,1,person,3,0.0708
assume-that-i-can-coordown,7,11.48,12.52,1.04,0.1276,false,false,medium,0.54146,indoor,0.77276,single_person,0.41389,cinematic,0.68354,5,0.3063,0.3496,0.1622,37.308,0.1102,0.06934,0.17263,41.2,-21.33,0.6652,5.887,5,0.01944,0.02415,neutral,8,"microwave, bowl, chair, dining table, person, pizza, cup, orange",1,0.0431
assume-that-i-can-coordown,8,12.52,13.84,1.32,0.1391,false,false,medium,0.60468,indoor,0.53996,single_person,0.64985,documentary,0.81351,5,0.2756,0.4528,0.1551,37.423,0.0824,0.02785,0.13347,70.0,-19.72,0.5946,5.193,5,0.01578,0.01831,anger,8,"person, pizza, dining table, chair, bowl, microwave, orange, cup",1,0.0542
assume-that-i-can-coordown,9,13.84,15.08,1.24,0.1538,false,false,medium,0.80606,indoor,0.72353,single_person,0.59764,documentary,0.57873,5,0.2126,0.4839,0.1407,24.41,0.0443,0.03269,0.15329,198.8,-20.35,0.6032,4.195,5,0.00897,0.02917,neutral,4,"bed, person, bottle, laptop",2,0.0667
assume-that-i-can-coordown,10,15.08,16.32,1.24,0.1676,false,false,medium,0.69457,indoor,0.70548,single_person,0.82888,documentary,0.57759,5,0.253,0.3771,0.1647,28.477,0.0497,0.04336,0.12377,167.6,-19.61,0.5472,5.384,5,0.02019,0.03174,neutral,1,person,1,0.0569
assume-that-i-can-coordown,11,16.32,17.12,0.8,0.1813,false,false,medium,0.45966,indoor,0.65345,single_person,0.52565,documentary,0.44628,3,0.2408,0.3339,0.1567,28.121,0.0639,0.04849,0.13793,28.7,-20.61,0.6746,3.864,3,0.01652,0.03568,neutral,3,"person, bottle, sink",1,0.0597
assume-that-i-can-coordown,12,17.12,18.48,1.36,0.1902,false,false,medium,0.5603,indoor,0.51073,single_person,0.56202,documentary,0.55218,5,0.2626,0.3747,0.1555,34.893,0.0598,0.02193,0.02468,35.6,-20.58,0.5931,3.563,5,0.03293,0.0403,neutral,1,person,1,0.0583
assume-that-i-can-coordown,13,18.48,20.04,1.56,0.2053,false,false,wide,0.44372,indoor,0.66566,single_person,0.49053,cinematic,0.57035,7,0.3511,0.3284,0.2023,22.309,0.0401,0.17407,0.39384,203.7,-20.96,0.5726,4.41,7,0.06941,0.10899,neutral,1,person,1,0.0514
assume-that-i-can-coordown,14,20.04,21.96,1.92,0.2227,false,false,medium,0.80764,indoor,0.67265,single_person,0.44465,cinematic,0.58381,7,0.204,0.2456,0.1652,20.899,0.0536,0.04124,0.06782,229.1,-19.47,0.6367,3.164,7,0.02745,0.0284,neutral,1,person,1,0.0486
assume-that-i-can-coordown,15,21.96,22.8,0.84,0.244,false,false,medium,0.82454,indoor,0.66552,single_person,0.70375,cinematic,0.53281,4,0.4361,0.2231,0.263,21.722,0.0566,0.21174,0.34769,196.5,-18.86,0.6787,2.976,4,0.07058,0.10537,neutral,1,person,1,0.0625
assume-that-i-can-coordown,16,22.8,23.84,1.04,0.2533,false,false,medium,0.63108,indoor,0.63448,two_people,0.43649,cinematic,0.7039,4,0.2211,0.2529,0.2013,16.199,0.0379,0.11846,0.15872,222.0,-20.0,0.6042,2.811,4,0.02301,0.02561,neutral,1,person,1,0.0625
assume-that-i-can-coordown,17,23.84,25.4,1.56,0.2649,false,false,medium,0.75558,indoor,0.69743,single_person,0.31675,cinematic,0.70094,6,0.3308,0.1699,0.2114,16.63,0.0767,0.06643,0.29352,208.0,-21.18,0.6843,1.953,6,0.00664,0.0262,neutral,1,person,2,0.0528
assume-that-i-can-coordown,18,25.4,26.04,0.64,0.2822,false,false,medium,0.60525,indoor,0.5524,single_person,0.70251,cinematic,0.55628,3,0.234,0.5032,0.1223,27.694,0.0416,0.15865,0.2726,154.7,-18.28,0.6098,3.743,3,0.06553,0.10229,neutral,4,"chair, dining table, person, bottle",1,0.0514
assume-that-i-can-coordown,19,26.04,28.0,1.96,0.2893,false,false,medium,0.58501,indoor,0.93419,single_person,0.56497,cinematic,0.53604,7,0.3347,0.242,0.1881,27.905,0.0972,0.02221,0.02616,68.0,-17.33,0.6141,4.473,7,0.00082,0.00208,neutral,5,"person, bottle, tv, dining table, chair",1,0.0528
assume-that-i-can-coordown,20,28.0,29.52,1.52,0.3111,false,false,medium,0.69419,indoor,0.68729,two_people,0.28566,cinematic,0.62163,7,0.4213,0.1861,0.1921,23.875,0.0856,0.11506,0.23171,110.0,-19.25,0.5726,5.027,6,0.00601,0.02053,happiness,9,"tie, book, person, tv, bottle, cup, chair, dining table, laptop",2,0.0583
assume-that-i-can-coordown,21,29.52,30.84,1.32,0.328,false,false,medium,0.76055,indoor,0.905,single_person,0.3788,cinematic,0.78895,5,0.4115,0.2277,0.2025,24.893,0.1108,0.06697,0.22244,94.8,-19.67,0.5411,3.85,5,0.00155,0.01322,neutral,4,"chair, laptop, person, bottle",1,0.0611
assume-that-i-can-coordown,22,30.84,33.04,2.2,0.3427,false,false,wide,0.70526,indoor,0.88996,two_people,0.22802,cinematic,0.54269,9,0.3451,0.2817,0.1672,20.926,0.0397,0.04411,0.25061,182.7,-20.54,0.6038,2.704,9,0.01669,0.04439,neutral,2,"person, tie",16,0.1528
assume-that-i-can-coordown,23,33.04,34.92,1.88,0.3671,false,false,medium,0.79042,indoor,0.50734,single_person,0.62828,cinematic,0.56591,7,0.1778,0.6367,0.0866,31.284,0.0186,0.00229,0.00361,198.0,-18.69,0.5611,4.701,7,0.04859,0.05162,neutral,2,"person, tie",1,0.0556
assume-that-i-can-coordown,24,34.92,37.0,2.08,0.388,false,false,wide,0.58217,indoor,0.77391,single_person,0.46039,cinematic,0.56421,8,0.39,0.2475,0.1838,31.204,0.0901,0.03943,0.24028,51.3,-23.25,0.6957,3.338,8,0.03138,0.03933,neutral,3,"person, dining table, chair",0,
assume-that-i-can-coordown,25,37.0,40.2,3.2,0.4111,false,false,medium,0.60008,studio,0.74079,single_person,0.80775,cinematic,0.45722,13,0.2088,0.6635,0.0959,35.514,0.0214,0.02608,0.23332,196.0,-15.82,0.6185,5.993,13,0.05096,0.06097,neutral,1,person,4,0.0708
assume-that-i-can-coordown,26,40.2,42.28,2.08,0.4467,false,false,extreme_close_up,0.34022,studio,0.49414,product,0.43613,animation,0.60982,9,0.1908,0.7373,0.1083,41.379,0.0358,0.05845,0.11705,38.4,-15.07,0.6236,3.486,3,0.01577,0.03921,neutral,1,bottle,1,0.0597
assume-that-i-can-coordown,27,42.28,43.84,1.56,0.4698,false,false,wide,0.67501,studio,0.49692,single_person,0.75137,cinematic,0.64507,6,0.1645,0.5216,0.102,33.757,0.0206,0.02945,0.13223,217.7,-16.76,0.6681,2.766,5,0.03667,0.03836,neutral,2,"person, tie",1,0.0569
assume-that-i-can-coordown,28,43.84,45.04,1.2,0.4871,false,false,close_up,0.41022,studio,0.49648,product,0.60985,animation,0.82384,5,0.3068,0.4645,0.161,54.822,0.0323,0.08723,0.12972,294.0,-19.79,0.6284,3.837,0,,,,5,"cup, wine glass, orange, apple, person",1,0.0583
assume-that-i-can-coordown,29,45.04,47.4,2.36,0.5004,false,false,wide,0.70759,outdoor,0.40373,single_person,0.69337,cinematic,0.58991,9,0.2156,0.4449,0.1349,45.101,0.0362,0.04496,0.07854,279.3,-14.39,0.6738,2.672,4,0.0651,0.10516,neutral,3,"cup, person, bottle",2,0.0597
assume-that-i-can-coordown,30,47.4,48.24,0.84,0.5267,false,false,wide,0.5435,indoor,0.41689,single_person,0.79588,documentary,0.62656,3,0.1559,0.3514,0.1342,38.201,0.0278,0.064,0.09619,220.0,-15.05,0.5547,2.386,3,0.03083,0.0327,neutral,1,person,1,0.0597
assume-that-i-can-coordown,31,48.24,48.84,0.6,0.536,false,false,medium,0.69699,studio,0.4549,single_person,0.63851,documentary,0.60396,3,0.1925,0.2921,0.1662,34.964,0.0647,0.09653,0.14729,188.7,-18.79,0.7287,2.235,3,0.00938,0.0143,neutral,1,person,0,
assume-that-i-can-coordown,32,48.84,49.44,0.6,0.5427,false,false,medium,0.7523,studio,0.74507,single_person,0.58986,documentary,0.47197,2,0.2244,0.214,0.1875,25.188,0.0725,0.02828,0.04022,132.0,-16.48,0.5851,5.733,2,0.00914,0.00924,neutral,1,person,1,0.0597
assume-that-i-can-coordown,33,49.44,50.8,1.36,0.5493,false,false,medium,0.50074,indoor,0.56727,single_person,0.61732,cinematic,0.4331,6,0.289,0.2527,0.2025,31.829,0.0503,0.14152,0.19082,68.7,-15.51,0.5875,2.219,0,,,,0,,1,0.0597
assume-that-i-can-coordown,34,50.8,51.72,0.92,0.5644,false,false,medium,0.42544,studio,0.56669,single_person,0.79067,ugc_selfie,0.4204,3,0.2795,0.2026,0.2055,28.423,0.0389,0.02317,0.03408,139.3,-17.27,0.7534,1.57,3,0.01087,0.01788,neutral,1,person,0,
assume-that-i-can-coordown,35,51.72,54.24,2.52,0.5747,false,false,medium,0.60443,indoor,0.76223,single_person,0.69149,documentary,0.55537,10,0.345,0.2182,0.2494,26.6,0.0767,0.07875,0.16204,28.8,-17.49,0.6284,2.62,7,0.00197,0.00256,neutral,5,"chair, person, tv, couch, book",3,0.0611
assume-that-i-can-coordown,36,54.24,54.96,0.72,0.6027,false,false,medium,0.97663,indoor,0.66813,hands,0.37511,cinematic,0.69406,3,0.3146,0.2285,0.2669,22.922,0.0744,0.12509,0.20589,166.0,-16.09,0.5546,3.927,3,0.01342,0.01437,neutral,1,person,0,
assume-that-i-can-coordown,37,54.96,55.6,0.64,0.6107,false,false,medium,0.83007,indoor,0.43533,single_person,0.56105,cinematic,0.64113,3,0.2061,0.3873,0.161,26.476,0.0391,0.15561,0.20768,177.3,-16.8,0.5129,2.79,3,0.10804,0.16574,neutral,2,"apple, person",1,0.0458
assume-that-i-can-coordown,38,55.6,57.0,1.4,0.6178,false,false,medium,0.51623,studio,0.60952,single_person,0.40411,cinematic,0.32153,5,0.2902,0.2021,0.2723,22.949,0.0539,0.17778,0.23604,130.6,-16.49,0.5552,3.124,2,0.05941,0.1062,neutral,1,person,1,0.0625
assume-that-i-can-coordown,39,57.0,58.0,1.0,0.6333,false,false,medium,0.8607,indoor,0.59579,single_person,0.44118,cinematic,0.62821,4,0.2343,0.2042,0.2442,15.956,0.0682,0.12945,0.27819,201.0,-15.48,0.5463,3.887,2,0.00088,0.00207,neutral,1,person,1,0.0528
assume-that-i-can-coordown,40,58.0,58.68,0.68,0.6444,false,false,medium,0.64603,indoor,0.44384,single_person,0.39792,cinematic,0.54258,3,0.0918,0.2338,0.1015,19.374,0.0139,0.06587,0.08802,212.7,-16.07,0.5342,1.573,0,,,,0,,1,0.0569
assume-that-i-can-coordown,41,58.68,60.0,1.32,0.652,false,false,medium,0.7244,indoor,0.91352,single_person,0.68204,documentary,0.4556,5,0.2982,0.1423,0.2428,18.149,0.1062,0.05794,0.22627,70.0,-16.0,0.6021,4.009,5,0.00222,0.00518,neutral,4,"dining table, laptop, bottle, person",1,0.0556
assume-that-i-can-coordown,42,60.0,60.84,0.84,0.6667,false,false,medium,0.51396,indoor,0.6687,single_person,0.67831,cinematic,0.4256,4,0.257,0.2739,0.2216,20.922,0.043,0.14732,0.2163,127.5,-17.65,0.6104,2.838,2,0.01124,0.01208,neutral,1,person,1,0.0556
assume-that-i-can-coordown,43,60.84,61.6,0.76,0.676,false,false,wide,0.48117,indoor,0.79711,single_person,0.68679,cinematic,0.32752,3,0.273,0.2284,0.2331,26.215,0.0419,0.06828,0.17261,33.3,-16.92,0.5878,3.414,0,,,,4,"cell phone, person, remote, chair",1,0.0625
assume-that-i-can-coordown,44,61.6,63.84,2.24,0.6844,false,false,wide,0.48556,indoor,0.78623,single_person,0.44536,cinematic,0.55918,9,0.1651,0.3726,0.1503,27.372,0.043,0.05885,0.15652,46.2,-14.18,0.4736,2.982,6,0.02507,0.05534,neutral,2,"person, bird",2,0.1431
assume-that-i-can-coordown,45,63.84,66.48,2.64,0.7093,false,false,wide,0.58721,studio,0.66675,single_person,0.48738,cinematic,0.75041,10,0.1338,0.4481,0.1089,23.412,0.0273,0.013,0.04699,196.6,-19.72,0.4813,4.098,10,0.12455,0.16048,neutral,1,person,3,0.0667
assume-that-i-can-coordown,46,66.48,68.28,1.8,0.7387,false,false,medium,0.68318,indoor,0.46236,single_person,0.77045,documentary,0.69134,8,0.1362,0.4199,0.0969,26.191,0.0277,0.05077,0.13817,158.3,-24.61,0.5967,6.604,7,0.04356,0.05677,neutral,1,person,2,0.0556
assume-that-i-can-coordown,47,68.28,70.24,1.96,0.7587,false,false,wide,0.53077,indoor,0.53565,single_person,0.75556,cinematic,0.43327,7,0.3178,0.1987,0.252,29.252,0.0648,0.08746,0.11349,102.9,-15.61,0.6045,3.736,7,0.04423,0.06096,neutral,3,"book, cup, person",2,0.0583
assume-that-i-can-coordown,48,70.24,71.88,1.64,0.7804,false,false,wide,0.62919,indoor,0.66984,single_person,0.5246,documentary,0.50126,7,0.1808,0.499,0.1081,35.104,0.0443,0.07511,0.24019,238.3,-16.92,0.6361,2.93,6,0.02852,0.04493,neutral,1,person,1,0.0639
assume-that-i-can-coordown,49,71.88,73.52,1.64,0.7987,false,false,medium,0.75378,indoor,0.55885,single_person,0.86215,cinematic,0.51456,7,0.0771,0.2612,0.0761,21.35,0.0106,0.03505,0.13008,193.7,-17.23,0.6464,3.094,0,,,,2,"tv, person",2,0.0639
assume-that-i-can-coordown,50,73.52,74.8,1.28,0.8169,false,false,wide,0.7743,studio,0.42474,single_person,0.59365,documentary,0.72027,5,0.2308,0.2327,0.2051,30.078,0.0286,0.04475,0.17725,212.8,-15.41,0.604,4.557,0,,,,1,person,1,0.0597
assume-that-i-can-coordown,51,74.8,75.8,1.0,0.8311,false,false,wide,0.52837,studio,0.50798,single_person,0.53643,cinematic,0.52195,4,0.3009,0.2804,0.239,39.04,0.0439,0.12694,0.18337,187.0,-18.87,0.7003,2.586,1,0.03002,0.08495,anger,1,person,1,0.0583
assume-that-i-can-coordown,52,75.8,77.08,1.28,0.8422,false,false,medium,0.82042,studio,0.50941,single_person,0.83208,cinematic,0.44398,5,0.1931,0.3708,0.1411,29.878,0.046,0.02514,0.09512,206.4,-15.36,0.5816,3.001,5,0.02815,0.08203,happiness,1,person,1,0.05
assume-that-i-can-coordown,53,77.08,77.84,0.76,0.8564,false,false,close_up,0.43509,indoor,0.50239,single_person,0.64442,cinematic,0.56631,3,0.2089,0.2955,0.2016,25.171,0.0352,0.14414,0.16764,153.3,-18.55,0.5821,0.992,3,0.03505,0.15882,neutral,1,person,0,
assume-that-i-can-coordown,54,77.84,79.52,1.68,0.8649,false,false,medium,0.71009,indoor,0.54589,group,0.54687,cinematic,0.70209,7,0.1487,0.4161,0.1251,31.752,0.0574,0.03921,0.13834,200.0,-22.49,0.565,2.832,7,0.00418,0.01053,neutral,1,person,2,0.3306
assume-that-i-can-coordown,55,79.52,82.52,3.0,0.8835,false,false,medium,0.51864,indoor,0.48242,single_person,0.59194,cinematic,0.75711,12,0.2255,0.4629,0.2188,59.492,0.0947,0.01219,0.14274,189.5,-16.26,0.7233,3.636,11,0.00192,0.00305,neutral,1,person,0,
assume-that-i-can-coordown,56,82.52,90.0,7.48,0.9169,false,true,medium,0.43382,indoor,0.66259,single_person,0.26701,animation,0.46832,29,0.1063,0.5057,0.1105,16.432,0.0297,0.00175,0.0476,208.2,-57.76,0.6403,0.234,0,,,,0,,105,0.0986
e-l-f-cosmetics-lip-oil-caro-manning,0,0.0,13.0,13.0,0.0,true,false,medium,0.52307,studio,0.58289,single_person,0.56115,ugc_selfie,0.93167,52,0.5313,0.3121,0.2504,41.955,0.0614,0.10588,0.17987,27.5,-29.19,0.4262,7.187,52,0.20249,0.3306,neutral,4,"cell phone, person, bowl, toothbrush",66,0.0931
e-l-f-cosmetics-lip-oil-caro-manning,1,13.0,13.533,0.533,0.3963,false,false,close_up,0.67157,outdoor,0.48944,single_person,0.85382,ugc_selfie,0.88896,3,0.496,0.3232,0.2414,42.088,0.047,0.29861,0.35269,34.7,-34.7,0.3838,4.181,3,0.1813,0.24839,neutral,1,person,4,0.0292
e-l-f-cosmetics-lip-oil-caro-manning,2,13.533,16.1,2.567,0.4126,false,false,close_up,0.78999,outdoor,0.5442,single_person,0.82128,ugc_selfie,0.94413,10,0.4071,0.3096,0.2507,43.172,0.0841,0.08465,0.20991,43.8,-31.41,0.4066,7.085,9,0.15439,0.16686,happiness,1,person,12,0.0403
e-l-f-cosmetics-lip-oil-caro-manning,3,16.1,20.2,4.1,0.4909,false,false,close_up,0.47967,studio,0.63706,single_person,0.72234,ugc_selfie,0.96196,16,0.5205,0.3198,0.2474,44.136,0.0582,0.11879,0.40028,36.9,-24.89,0.3998,6.538,15,0.21097,0.36712,neutral,2,"cell phone, person",25,0.0319
e-l-f-cosmetics-lip-oil-caro-manning,4,20.2,21.233,1.033,0.6159,false,false,medium,0.46383,studio,0.66433,product,0.49877,ugc_selfie,0.97674,4,0.5457,0.295,0.2623,44.549,0.0565,0.12281,0.22208,28.5,-21.98,0.3822,7.564,4,0.24944,0.25973,neutral,2,"person, cell phone",6,0.0319
e-l-f-cosmetics-lip-oil-caro-manning,5,21.233,32.8,11.567,0.6473,false,true,medium,0.5354,studio,0.68206,single_person,0.54069,ugc_selfie,0.94713,46,0.5168,0.2999,0.2505,41.003,0.0601,0.08051,0.14277,26.6,-27.43,0.367,6.098,46,0.16826,0.24345,neutral,3,"toothbrush, cell phone, person",73,0.0333
e-l-f-cosmetics-lip-oil-peytonxblack,0,0.0,8.767,8.767,0.0,true,false,medium,0.66398,studio,0.64511,product,0.49735,ugc_selfie,0.92771,36,0.4555,0.2752,0.2247,35.044,0.0725,0.11298,0.22461,22.4,-29.85,0.4891,5.577,34,0.11996,0.4767,neutral,2,"person, cell phone",43,0.0778
e-l-f-cosmetics-lip-oil-peytonxblack,1,8.767,14.5,5.733,0.1724,false,false,medium,0.58718,studio,0.82539,single_person,0.77261,ugc_selfie,0.92413,22,0.4672,0.2538,0.2179,29.74,0.0691,0.07836,0.23356,24.9,-30.8,0.4368,5.046,22,0.11239,0.47055,neutral,2,"cell phone, person",26,0.0625
e-l-f-cosmetics-lip-oil-peytonxblack,2,14.5,15.9,1.4,0.2851,false,false,medium,0.45645,studio,0.70344,product,0.37485,ugc_selfie,0.93696,6,0.478,0.2752,0.2243,33.272,0.0695,0.0971,0.19579,18.3,-38.11,0.2959,6.702,6,0.12539,0.16226,neutral,1,person,4,0.0292
e-l-f-cosmetics-lip-oil-peytonxblack,3,15.9,19.067,3.167,0.3126,false,false,close_up,0.43931,studio,0.84782,product,0.79626,ugc_selfie,0.54799,13,0.5361,0.3383,0.1859,49.408,0.0407,0.09308,0.23864,29.8,-28.02,0.399,5.513,1,0.2636,0.2636,neutral,4,"cup, toothbrush, cell phone, person",16,0.0319
e-l-f-cosmetics-lip-oil-peytonxblack,4,19.067,21.1,2.033,0.3748,false,false,close_up,0.55134,studio,0.88077,single_person,0.68265,ugc_selfie,0.90179,8,0.4652,0.2933,0.2229,34.933,0.0584,0.0731,0.17094,20.3,-39.18,0.5,4.23,8,0.23455,0.27017,neutral,2,"toothbrush, person",8,0.0361
e-l-f-cosmetics-lip-oil-peytonxblack,5,21.1,25.333,4.233,0.4148,false,false,close_up,0.53736,studio,0.88671,single_person,0.82239,ugc_selfie,0.83103,17,0.4734,0.2512,0.2272,31.152,0.0604,0.09088,0.24944,24.7,-31.06,0.5182,5.427,17,0.19261,0.27574,neutral,2,"toothbrush, person",17,0.0347
e-l-f-cosmetics-lip-oil-peytonxblack,6,25.333,27.6,2.267,0.498,false,false,close_up,0.70993,studio,0.80251,single_person,0.83937,ugc_selfie,0.90503,9,0.5057,0.2258,0.2577,34.418,0.0583,0.10462,0.18227,26.0,-54.15,0.4718,2.617,9,0.24502,0.25571,neutral,1,person,8,0.0375
e-l-f-cosmetics-lip-oil-peytonxblack,7,27.6,31.767,4.167,0.5426,false,false,close_up,0.69812,studio,0.84959,single_person,0.94109,ugc_selfie,0.92297,17,0.5057,0.1983,0.2439,35.021,0.0586,0.05795,0.1742,26.4,-39.05,0.4805,5.962,17,0.25777,0.28861,neutral,1,person,16,0.0333
e-l-f-cosmetics-lip-oil-peytonxblack,8,31.767,38.467,6.7,0.6245,false,false,medium,0.62465,studio,0.72332,single_person,0.49153,ugc_selfie,0.85701,26,0.4477,0.2577,0.2248,32.396,0.064,0.11434,0.19455,24.8,-27.15,0.5626,5.279,26,0.13501,0.20405,neutral,2,"cell phone, person",30,0.0528
e-l-f-cosmetics-lip-oil-peytonxblack,9,38.467,44.733,6.267,0.7562,false,false,medium,0.54191,studio,0.72219,single_person,0.74,ugc_selfie,0.85561,25,0.4509,0.2533,0.2226,31.764,0.0619,0.08664,0.13742,26.0,-28.77,0.5326,6.053,25,0.11814,0.16151,neutral,2,"cell phone, person",24,0.0319
e-l-f-cosmetics-lip-oil-peytonxblack,10,44.733,50.867,6.133,0.8794,false,true,medium,0.57121,studio,0.82259,single_person,0.71482,ugc_selfie,0.90672,24,0.4709,0.2505,0.2223,34.186,0.0647,0.10565,0.18134,24.2,-29.78,0.4932,5.273,24,0.15184,0.23629,neutral,2,"person, cell phone",30,0.0417
the-problem-with-attention,0,0.0,65.375,65.375,0.0,true,false,close_up,0.42142,indoor,0.44458,single_person,0.55116,ugc_selfie,0.83451,262,0.4766,0.3,0.3357,40.153,0.0719,0.02107,0.08591,206.9,-28.52,0.199,8.396,262,0.12191,0.14382,neutral,2,"cell phone, person",665,0.0431
the-problem-with-attention,1,65.375,69.125,3.75,0.9458,false,true,close_up,0.2956,studio,0.8417,product,0.48237,animation,0.92904,15,0.3626,0.404,0.095,35.182,0.0096,0.03983,0.25564,212.4,-174.46,0.0306,0.0,0,,,,1,traffic light,4,0.0403
you-are-not-alone-norwich-city,0,0.0,7.52,7.52,0.0,true,false,medium,0.43706,outdoor,0.66227,single_person,0.41567,ugc_selfie,0.45923,31,0.3445,0.415,0.2221,59.8,0.1194,0.08877,0.20886,139.1,-42.27,0.9359,1.525,12,0.01292,0.05215,happiness,3,"person, cell phone, chair",21,0.2111
you-are-not-alone-norwich-city,1,7.52,15.04,7.52,0.0513,false,false,medium,0.33467,outdoor,0.79978,hands,0.33406,cinematic,0.45839,30,0.4836,0.3653,0.2771,71.931,0.1476,0.09862,0.21244,59.4,-25.5,0.6517,3.251,30,0.03754,0.07556,neutral,2,"tie, person",16,0.1667
you-are-not-alone-norwich-city,2,15.04,22.6,7.56,0.1026,false,false,medium,0.28145,outdoor,0.75977,hands,0.4976,documentary,0.35418,30,0.4979,0.4554,0.2995,77.182,0.117,0.12353,0.30696,57.3,-24.12,0.6084,1.479,19,0.04168,0.05635,happiness,3,"person, banana, tie",2,0.1222
you-are-not-alone-norwich-city,3,22.6,29.04,6.44,0.1542,false,false,extreme_close_up,0.3716,outdoor,0.46589,two_people,0.39678,documentary,0.38979,26,0.4534,0.471,0.3137,74.486,0.1176,0.06334,0.29557,55.9,-19.09,0.5813,2.18,1,0.04758,0.05439,neutral,1,person,11,0.1458
you-are-not-alone-norwich-city,4,29.04,36.4,7.36,0.1982,false,false,extreme_close_up,0.3537,outdoor,0.91724,two_people,0.51539,documentary,0.72232,29,0.4489,0.6149,0.277,76.289,0.1407,0.02227,0.03946,40.2,-21.01,0.5931,1.759,29,0.0475,0.06028,neutral,1,person,14,0.1125
you-are-not-alone-norwich-city,5,36.4,37.4,1.0,0.2484,false,false,close_up,0.39382,outdoor,0.91379,two_people,0.32272,cinematic,0.35116,4,0.3396,0.4043,0.2313,71.49,0.1162,0.09585,0.2177,58.0,-22.78,0.6214,2.348,4,0.05311,0.0567,happiness,2,"person, tie",1,0.0986
you-are-not-alone-norwich-city,6,37.4,45.0,7.6,0.2552,false,false,medium,0.3654,outdoor,0.48971,hands,0.7679,ugc_selfie,0.60261,30,0.2811,0.3947,0.2026,60.319,0.0875,0.05954,0.12938,116.9,-17.9,0.5431,1.395,30,0.05549,0.05973,happiness,2,"person, tie",5,0.4972
you-are-not-alone-norwich-city,7,45.0,46.92,1.92,0.3071,false,false,close_up,0.36147,outdoor,0.92465,two_people,0.43608,documentary,0.38088,8,0.5325,0.3428,0.2831,67.354,0.1639,0.0854,0.30358,60.0,-24.73,0.5985,1.451,8,0.03217,0.04836,happiness,1,person,6,0.1375
you-are-not-alone-norwich-city,8,46.92,48.8,1.88,0.3202,false,false,close_up,0.47915,outdoor,0.83368,hands,0.53774,documentary,0.77237,8,0.38,0.5797,0.2537,78.183,0.1349,0.0763,0.27301,44.0,-27.0,0.7329,1.325,8,0.03839,0.05969,neutral,1,person,2,0.0958
you-are-not-alone-norwich-city,9,48.8,50.72,1.92,0.333,false,false,close_up,0.41535,outdoor,0.93737,two_people,0.51698,documentary,0.66959,7,0.3341,0.4458,0.2431,80.43,0.109,0.00942,0.01089,58.0,-27.62,0.6949,1.65,7,0.05972,0.06094,neutral,3,"surfboard, person, tie",2,0.0931
you-are-not-alone-norwich-city,10,50.72,52.6,1.88,0.3461,false,false,close_up,0.49053,outdoor,0.82519,two_people,0.41962,documentary,0.42227,8,0.5405,0.4051,0.2607,85.895,0.1363,0.08473,0.26737,59.8,-23.42,0.5746,2.217,8,0.06125,0.08958,neutral,1,person,2,0.1139
you-are-not-alone-norwich-city,11,52.6,58.04,5.44,0.3589,false,false,close_up,0.50532,outdoor,0.91061,hands,0.72403,documentary,0.63224,22,0.4973,0.3424,0.2873,61.73,0.1588,0.0947,0.29831,55.3,-21.29,0.6373,1.512,22,0.03786,0.06839,neutral,2,"banana, person",13,0.1083
you-are-not-alone-norwich-city,12,58.04,59.8,1.76,0.3961,false,false,close_up,0.44954,outdoor,0.60905,product,0.35943,ugc_selfie,0.42111,7,0.4586,0.4827,0.2711,84.129,0.1513,0.12434,0.23421,98.6,-19.17,0.523,1.789,7,0.04303,0.0585,neutral,1,person,1,0.1042
you-are-not-alone-norwich-city,13,59.8,61.76,1.96,0.4081,false,false,close_up,0.42348,outdoor,0.8709,hands,0.32997,ugc_selfie,0.4606,8,0.4704,0.3454,0.2428,57.952,0.1323,0.13276,0.23793,151.0,-17.69,0.5874,2.014,8,0.04877,0.07995,neutral,2,"tie, person",1,0.1111
you-are-not-alone-norwich-city,14,61.76,65.6,3.84,0.4215,false,false,medium,0.41496,outdoor,0.65655,two_people,0.47712,documentary,0.4443,15,0.551,0.4193,0.2488,87.158,0.1319,0.05472,0.19495,59.9,-20.92,0.7052,2.416,15,0.04181,0.06565,neutral,2,"person, tie",9,0.1292
you-are-not-alone-norwich-city,15,65.6,67.6,2.0,0.4477,false,false,close_up,0.37812,outdoor,0.80495,two_people,0.44891,cinematic,0.50264,8,0.5048,0.3338,0.2609,70.619,0.1408,0.07575,0.17565,78.0,-20.69,0.7138,2.222,8,0.04079,0.06253,neutral,2,"tie, person",0,
you-are-not-alone-norwich-city,16,67.6,79.64,12.04,0.4613,false,false,medium,0.39922,outdoor,0.54421,two_people,0.35405,ugc_selfie,0.41503,48,0.4263,0.2873,0.2118,44.369,0.0907,0.09962,0.13687,166.3,-18.01,0.7271,1.316,6,0.05432,0.06272,neutral,2,"person, handbag",6,0.2889
you-are-not-alone-norwich-city,17,79.64,95.8,16.16,0.5435,false,false,medium,0.32728,outdoor,0.811,hands,0.50012,documentary,0.56071,65,0.365,0.3366,0.2453,49.691,0.1241,0.11854,0.24759,124.8,-16.35,0.6748,1.61,64,0.0463,0.08621,neutral,3,"tie, banana, person",7,0.3875
you-are-not-alone-norwich-city,18,95.8,100.4,4.6,0.6537,false,false,medium,0.8071,studio,0.4627,single_person,0.55189,documentary,0.58697,18,0.0039,0.0,0.0328,0.0,0.0091,0.00067,0.00247,0.0,-16.88,0.6778,1.415,0,,,,0,,3,0.0528
you-are-not-alone-norwich-city,19,100.4,123.08,22.68,0.6851,false,false,medium,0.35594,outdoor,0.64975,hands,0.5139,documentary,0.47462,91,0.2235,0.4163,0.2102,50.738,0.1099,0.04036,0.19467,53.8,-66.9,0.7087,0.667,71,0.02018,0.04178,neutral,3,"chair, tie, person",39,0.1083
you-are-not-alone-norwich-city,20,123.08,124.68,1.6,0.8399,false,false,medium,0.5072,indoor,0.4233,single_person,0.29679,cinematic,0.33699,6,0.0,0.0,0.0,0.0,0.0,0.00661,0.03965,0.0,-180.0,0.0,0.0,0,,,,0,,0,
you-are-not-alone-norwich-city,21,124.68,133.44,8.76,0.8508,false,false,wide,0.45343,outdoor,0.68355,single_person,0.39994,cinematic,0.73218,35,0.4179,0.3692,0.1553,44.382,0.0786,0.02,0.22818,106.2,-180.0,0.0,0.0,0,,,,3,"suitcase, chair, keyboard",6,0.0569
you-are-not-alone-norwich-city,22,133.44,146.52,13.08,0.9106,false,true,wide,0.50921,studio,0.5366,single_person,0.3656,animation,0.43082,52,0.035,0.024,0.1108,14.147,0.0262,0.00488,0.07748,0.0,-180.0,0.0,0.0,0,,,,0,,34,0.0722
